"BN/Registration number","Fiscal period end","Form ID","Sequence number","Item exported","Value (CAN)","Destination (city/region)","Country code"
"106735400RR0001",2024-3-31 00:00:00,"27",1,"PRODUITS DE BOIS",$2315399.00,"ÉTATS UNIS","US"
"106846942RR0001",2024-8-31 00:00:00,"27",1,"ResuscitationEducationMaterial",$23634.00,"PARIS, Marseille,MERIGNAC, DIJON, SAUVETERRE,","FR"
"106846942RR0001",2024-8-31 00:00:00,"27",2,"ResuscitationEducationMaterial",$7389.00,"Genve,St. Gallen, Fully, Veyras, Bottens,Rocourt","CH"
"106846942RR0001",2024-8-31 00:00:00,"27",3,"ResuscitationEducationMaterial",$392.00,"Hampshire","GB"
"106846942RR0001",2024-8-31 00:00:00,"27",4,"ResuscitationEducationMaterial",$134.00,"Jerusalem","IL"
"106846942RR0001",2024-8-31 00:00:00,"27",5,"ResuscitationEducationMaterial",$705.00,"Casablanca","MA"
"106846942RR0001",2024-8-31 00:00:00,"27",6,"ResuscitationEducationMaterial",$1520.00,"Antananarivo","MG"
"106846942RR0001",2024-8-31 00:00:00,"27",7,"ResuscitationEducationMaterial",$4985.00,"VIRGINIA BEACH,San Diego","US"
"106846942RR0001",2024-8-31 00:00:00,"27",8,"ResuscitationEducationMaterial",$33.00,"Sliach","SK"
"106846942RR0001",2024-8-31 00:00:00,"27",9,"ResuscitationEducationMaterial",$6526.00,"Cape Town, Strand - Cape To","ZA"
"106863061RR0001",2024-4-30 00:00:00,"27",1,"BLOOD BANK RELATED EXPENSES",$7141795.00,"ISRAEL","IL"
"106863061RR0001",2024-4-30 00:00:00,"27",2,"EQUIPMENT FOR AMBULANCES",$260686.00,"ISRAEL","IL"
"106863061RR0001",2024-4-30 00:00:00,"27",3,"INSURANCE",$228855.00,"ISRAEL","IL"
"106863061RR0001",2024-4-30 00:00:00,"27",4,"VEHICLES (SCOOTERS, AMBULANCES",$9890939.00,"ISRAEL","IL"
"106918329RR0001",2024-6-30 00:00:00,"27",1,"MEDICATIONS & VITAMINS",$8431019.00,"ESWATINI","QS"
"106918329RR0001",2024-6-30 00:00:00,"27",2,"OPTICAL ITEMS",$4020866.00,"CAMEROON","CM"
"106918329RR0001",2024-6-30 00:00:00,"27",3,"NUTRITION - DRIED FOOD",$1881450.00,"ESWATINI","QS"
"106918329RR0001",2024-6-30 00:00:00,"27",4,"MIXED MEDICAL PRODUCTS",$1544994.00,"ESWATINI","QS"
"106918329RR0001",2024-6-30 00:00:00,"27",5,"CLOTHING",$1502486.00,"CAMEROON","CM"
"106918329RR0001",2024-6-30 00:00:00,"27",6,"HOSPITAL CONSUMABLES",$1371866.00,"MALAWI","QS"
"106918329RR0001",2024-6-30 00:00:00,"27",7,"GENERAL HOSPITAL EQUIPMENT",$1101320.00,"CAMEROON","CM"
"106918329RR0001",2024-6-30 00:00:00,"27",8,"ORTHOPEDIC & PROSTHETIC ITEMS",$177057.00,"ZAMBIA","ZM"
"106918329RR0001",2024-6-30 00:00:00,"27",9,"ASSISTIVE MOBILITY DEVICES",$77738.00,"ZAMBIA","ZM"
"106918329RR0001",2024-6-30 00:00:00,"27",10,"OTHERS",$54244.00,"CAMEROON","CM"
"106918543RR0001",2024-3-31 00:00:00,"27",1,"MEDICATION",$1036834.00,"BURKINA FASO","BF"
"106918543RR0001",2024-3-31 00:00:00,"27",2,"MEDICATION",$384966.00,"NICARAGUA","NI"
"106918543RR0001",2024-3-31 00:00:00,"27",3,"MEDICATION",$402489.00,"ETHIOPIA","ET"
"106918543RR0001",2024-3-31 00:00:00,"27",4,"MEDICATION",$271053.00,"MALAWI","MW"
"106918543RR0001",2024-3-31 00:00:00,"27",5,"MEDICATION",$713970.00,"UKRAINE","UA"
"106918543RR0001",2024-3-31 00:00:00,"27",6,"MEDICATION",$715783.00,"LEBANON","LB"
"106926827RR0001",2024-12-31 00:00:00,"27",1,"Used clothing,",$2416.00,"Kampala","UG"
"106926827RR0001",2024-12-31 00:00:00,"27",2,,,,"UG"
"106952559RR0001",2024-3-31 00:00:00,"27",1,"MEDICAMENTS ET FOURNITURES",$667836.00,"CÔTE D'IVOIRE","CI"
"106952559RR0001",2024-3-31 00:00:00,"27",2,"MEDICAMENTS ET FOURNITURES",$806488.00,"GUINÉE","QS"
"106952559RR0001",2024-3-31 00:00:00,"27",3,"MEDICAMENTS ET FOURNITURES",$1451096.00,"MALI","ML"
"106952559RR0001",2024-3-31 00:00:00,"27",4,"MEDICAMENTS ET FOURNITURES",$796083.00,"RDC","CD"
"106960719RR0001",2024-6-30 00:00:00,"27",1,"NON-PERISHABLE FOOD, CLOTHES,",$42156.00,"GREECE","QP"
"107396905RR0040",2024-12-31 00:00:00,"27",1,"Reading Glasses",$93.00,"Belen - Guanacaste Province","CR"
"107396905RR0040",2024-12-31 00:00:00,"27",2,"pencils and erasers",$12.00,"Belen - Guanacaste Province","CR"
"107396905RR0040",2024-12-31 00:00:00,"27",3,"balloons and hand pump",$33.00,"Belen - Guanacaste Province","CR"
"107396905RR0040",2024-12-31 00:00:00,"27",4,"Canada Temp Tattoos",$12.00,"Belen - Guanacaste Province","CR"
"107435935RR0001",2024-12-31 00:00:00,"27",1,"Toys and School Supplies",$1626.00,"Manila","PH"
"107448219RR0001",2024-3-31 00:00:00,"27",1,"Books",$10264.00,"Columbia","US"
"107480626RR0001",2024-12-31 00:00:00,"27",1,"SUPPLIES",$1339.00,"RWANDA","RW"
"107480626RR0001",2024-12-31 00:00:00,"27",2,"SUPPLIES",$12153.00,"UGANDA","UG"
"107480626RR0001",2024-12-31 00:00:00,"27",3,"CAMERA",$2150.00,"ZAMBIA","ZM"
"107490146RR0001",2024-12-31 00:00:00,"27",1,"MEDICAL  SUPPLIES",$3980977.00,"BELEN GUALCHO &  TEGUCIGALPA","HN"
"107507774RR0001",2024-12-31 00:00:00,"27",1,"BOOKS AND MUSIC CDS",$7400.00,"SWITZERLAND","QP"
"107507774RR0001",2024-12-31 00:00:00,"27",2,"BOOKS",$463.00,"FRANCE","FR"
"107630873RR0001",2024-6-30 00:00:00,"27",1,"CLOTHING, SHOES, BED LINENS, B",$228519.00,,"CU"
"107690877RR0001",2024-3-31 00:00:00,"27",1,"See list attached",$1400277.00,"Sched 2-#7",
"107691065RR0001",2024-6-30 00:00:00,"27",1,"SOCCER JERSEY, BALLS",$500.00,"NAROK","KE"
"107691065RR0001",2024-6-30 00:00:00,"27",2,"SCHOOL SUPPLIES",$500.00,"CHONBURI","TH"
"107691065RR0001",2024-6-30 00:00:00,"27",3,"SPEAKERS",$600.00,"CHONBURI","TH"
"107691065RR0001",2024-6-30 00:00:00,"27",4,"SCHOOL SUPPLIES",$400.00,"CHIANG MAI","TH"
"107867996RR0001",2024-12-31 00:00:00,"27",1,"SEE ATTACHED LIST OF ITEMS LOA",,"BERLIN","GE"
"107867996RR0001",2024-12-31 00:00:00,"27",2,"BILL REID CANOE",,"BERLIN","GE"
"108042334RR0001",2024-12-31 00:00:00,"27",1,"CLOTHING, BOOKS,",$6000.00,"LVIV, TRUSKAVETS,","UA"
"108042334RR0001",2024-12-31 00:00:00,"27",2,"BACKPACKS,",,"ZOKVA, NADVIRNA,",
"108042334RR0001",2024-12-31 00:00:00,"27",3,"SPORTS EQUIPMENT,",,"KOLOMYIA",
"108042334RR0001",2024-12-31 00:00:00,"27",4,"HOUSEHOLD ITEMS",,,
"108062688RR0001",2024-3-31 00:00:00,"27",1,"EYE GLASSES",$7500.00,"YANGON","MM"
"108062688RR0001",2024-3-31 00:00:00,"27",2,"EYE GLASSES",$7500.00,"KATHMANDU","QR"
"108082991RR0001",2024-5-31 00:00:00,"27",1,"Printed materials",$385159.00,"Havana","CU"
"108082991RR0001",2024-5-31 00:00:00,"27",2,"Printed materials",$26225.00,"Port Au Prince","HT"
"108082991RR0001",2024-5-31 00:00:00,"27",3,"Printed materials",$3127.00,"Lutz, FL","US"
"108089764RR0001",2024-12-31 00:00:00,"27",1,"Fatima literature",,"Worldwide","US"
"108102864RR0001",2024-3-31 00:00:00,"27",1,"Equipment",$2581963.00,"Ahmedabad","IN"
"108102864RR0001",2024-3-31 00:00:00,"27",2,"Educational Supplies",$43761.00,"Georgetown","GY"
"108102864RR0001",2024-3-31 00:00:00,"27",3,"Educational Supplies",$15930.00,"Freiburg","DE"
"108102864RR0001",2024-3-31 00:00:00,"27",4,"Educational Supplies",$14716.00,"Belize City","QM"
"108103755RR0001",2024-12-31 00:00:00,"27",1,"Humanitarian supplies",$19101.00,"areas in Ukraine","UA"
"118780808RR0001",2024-12-31 00:00:00,"27",1,"WATER FILTRATION SYSTEM",,"NORTHERN UGANDA","QS"
"118792613RR0001",2024-8-31 00:00:00,"27",1,"Medical equipment & supplies",$121874.00,"Lviv","UA"
"118802529RR0001",2024-4-30 00:00:00,"27",1,"BOOKS AND CALENDERS",$44668.00,"SEE ATTACHED LIST",
"118829647RR0001",2024-6-30 00:00:00,"27",1,"Books",$454020.00,"Various US states","US"
"118829647RR0001",2024-6-30 00:00:00,"27",2,"Books",$10086.00,"Various Caribbean Countries","QM"
"118830389RR0006",2024-12-31 00:00:00,"27",1,"TOOLS",$239.00,"SANTA CLARA","CU"
"118830389RR0006",2024-12-31 00:00:00,"27",2,"MINISTRY RESOURCES",$158.00,"SANTA CLARA","CU"
"118830389RR0006",2024-12-31 00:00:00,"27",3,"ELECTRONICS",$785.00,"SANTA CLARA","CU"
"118830389RR0006",2024-12-31 00:00:00,"27",4,"PERSONAL ITEMS",$1355.00,"SANTA CLARA","CU"
"118831080RR0001",2024-12-31 00:00:00,"27",1,"FOOD",$5560925.00,"AFRICA/SOUTH AMERICA",
"118831080RR0001",2024-12-31 00:00:00,"27",2,"MEDICAL SUPPLIES/CLOTHINGS/OTH",$974841.00,"AFRICA/SOUTH AMERICA",
"118856079RR0001",2024-12-31 00:00:00,"27",1,"shipping container",,"cagayan oro/misamis orie","PH"
"118856079RR0001",2024-12-31 00:00:00,"27",2,"Shipping container",$25417.00,"Cagayan oro/misamis orie","PH"
"118857432RR0001",2024-12-31 00:00:00,"27",1,"DRIED BEANS",$126313.00,"MARIEL PORT","CU"
"118903467RR0001",2024-12-31 00:00:00,"27",1,"church equipment & supplies",$21206.00,"Santa Clara","CU"
"118903467RR0001",2024-12-31 00:00:00,"27",2,"Computers/Printers",$3677.00,"Santa Clara","CU"
"118903467RR0001",2024-12-31 00:00:00,"27",3,"Medicine",$1169.00,"Santa Clara","CU"
"118903467RR0001",2024-12-31 00:00:00,"27",4,"Tools & Materials",$290.00,"Hwedza","ZW"
"118904572RR0001",2024-12-31 00:00:00,"27",1,"Christian teaching books",$350.00,"Ipiales, Narino","CO"
"118904598RR0001",2024-6-30 00:00:00,"27",1,"FREE & DISCOUNTED LITERATURE",$1132.00,,"AU"
"118904598RR0001",2024-6-30 00:00:00,"27",2,"FREE & DISCOUNTED LITERATURE",$2.00,,"BO"
"118904598RR0001",2024-6-30 00:00:00,"27",3,"FREE & DISCOUNTED LITERATURE",$23.00,,"BR"
"118904598RR0001",2024-6-30 00:00:00,"27",4,"FREE & DISCOUNTED LITERATURE",$3206.00,,"CO"
"118904598RR0001",2024-6-30 00:00:00,"27",5,"FREE & DISCOUNTED LITERATURE",$42.00,,"CU"
"118904598RR0001",2024-6-30 00:00:00,"27",6,"FREE & DISCOUNTED LITERATURE",$104.00,,"CY"
"118904598RR0001",2024-6-30 00:00:00,"27",7,"FREE & DISCOUNTED LITERATURE",$636.00,,"EC"
"118904598RR0001",2024-6-30 00:00:00,"27",8,"FREE & DISCOUNTED LITERATURE",$1.00,,"FR"
"118904598RR0001",2024-6-30 00:00:00,"27",9,"FREE & DISCOUNTED LITERATURE",$3367.00,,"GB"
"118904598RR0001",2024-6-30 00:00:00,"27",10,"FREE & DISCOUNTED LITERATURE",$476.00,,"HK"
"118904598RR0001",2024-6-30 00:00:00,"27",11,"FREE & DISCOUNTED LITERATURE",$4170.00,,"HN"
"118904598RR0001",2024-6-30 00:00:00,"27",12,"FREE & DISCOUNTED LITERATURE",$4.00,,"IN"
"118904598RR0001",2024-6-30 00:00:00,"27",13,"FREE & DISCOUNTED LITERATURE",$47.00,,"KE"
"118904598RR0001",2024-6-30 00:00:00,"27",14,"FREE & DISCOUNTED LITERATURE",$5.00,,"MD"
"118904598RR0001",2024-6-30 00:00:00,"27",15,"FREE & DISCOUNTED LITERATURE",$84.00,,"MX"
"118904598RR0001",2024-6-30 00:00:00,"27",16,"FREE & DISCOUNTED LITERATURE",$213.00,,"MZ"
"118904598RR0001",2024-6-30 00:00:00,"27",17,"FREE & DISCOUNTED LITERATURE",$713.00,,"NL"
"118904598RR0001",2024-6-30 00:00:00,"27",18,"FREE & DISCOUNTED LITERATURE",$93.00,,"NO"
"118904598RR0001",2024-6-30 00:00:00,"27",19,"FREE & DISCOUNTED LITERATURE",$48.00,,"PY"
"118904598RR0001",2024-6-30 00:00:00,"27",20,"FREE & DISCOUNTED LITERATURE",$22416.00,,"US"
"118904598RR0001",2024-6-30 00:00:00,"27",21,"FREE & DISCOUNTED LITERATURE",$469.00,,"UY"
"118904598RR0001",2024-6-30 00:00:00,"27",22,"FREE & DISCOUNTED LITERATURE",$1766.00,,"ZM"
"118913243RR0001",2024-6-30 00:00:00,"27",1,"Radio Broadcast Transmitter",$14314.00,"Kiev","UA"
"118913243RR0001",2024-6-30 00:00:00,"27",2,"Radio Broadcast TX Parts",$4550.00,"Makassar","ID"
"118913243RR0001",2024-6-30 00:00:00,"27",3,"Radio Broadcast TX Parts",$1328.00,"Karawaci","ID"
"118942382RR0001",2024-12-31 00:00:00,"27",1,"FOOD, CLOTHING, MISC",,"NW PROV.","ZM"
"118952357RR0001",2024-12-31 00:00:00,"27",1,"EDUCATIONAL BOOKS, DVDs ETC.",$75737.00,"Various","US"
"118952357RR0001",2024-12-31 00:00:00,"27",2,"EDUCATIONAL BOOKS, DVDs ETC.",$8776.00,"Various","AU"
"118952357RR0001",2024-12-31 00:00:00,"27",3,"EDUCATIONAL BOOKS, DVDs ETC.",$8333.00,"Various","GB"
"118952357RR0001",2024-12-31 00:00:00,"27",4,"EDUCATIONAL BOOKS, DVDs ETC.",$3729.00,"Various","IE"
"118952357RR0001",2024-12-31 00:00:00,"27",5,"EDUCATIONAL BOOKS, DVDs ETC.",$1003.00,"Various","NZ"
"118952357RR0001",2024-12-31 00:00:00,"27",6,"EDUCATIONAL BOOKS, DVDs ETC.",$2432.00,"Various","QP"
"118952357RR0001",2024-12-31 00:00:00,"27",7,"EDUCATIONAL BOOKS, DVDs ETC.",$279.00,"Various","QO"
"118952357RR0001",2024-12-31 00:00:00,"27",8,"EDUCATIONAL BOOKS, DVDs ETC.",$1527.00,"Various","QR"
"118952357RR0001",2024-12-31 00:00:00,"27",9,"EDUCATIONAL BOOKS, DVDs ETC.",$142.00,"Various","QN"
"118952357RR0001",2024-12-31 00:00:00,"27",10,"EDUCATIONAL BOOKS, DVDs ETC.",$94.00,"Various","QM"
"118952357RR0001",2024-12-31 00:00:00,"27",11,"EDUCATIONAL BOOKS, DVDs ETC.",$16.00,"Various","QS"
"119030666RR0019",2024-12-31 00:00:00,"27",1,"Medicine and Vitamins",$5060.00,"Pang-Pang, UBay Bohol","PH"
"119031524RR0001",2024-9-30 00:00:00,"27",1,"MEDICINES & MEDICAL SUPPLIES",$1352518.00,"LEBANON","LB"
"119031524RR0001",2024-9-30 00:00:00,"27",2,"MEDICINES & MEDICAL SUPPLIES",$537954.00,"PALESTINE","PS"
"119031524RR0001",2024-9-30 00:00:00,"27",3,"MEDICINES & MEDICAL SUPPLIES",$345596.00,"UKRAINE","UA"
"119031524RR0001",2024-9-30 00:00:00,"27",4,"MEDICINES & MEDICAL SUPPLIES",$440446.00,"IRAQ","IQ"
"119035988RR0001",2024-4-30 00:00:00,"27",1,"Isotope I-125",$5159480.00,"CN G CZ JP AR NL SK US",
"119035988RR0001",2024-4-30 00:00:00,"27",2,"Pool Irradiations",$836522.00,"IT FR GB MX US CH NL",
"119035988RR0001",2024-4-30 00:00:00,"27",3,"Neutron Activitation",$31271.00,"FR US",
"119038123RR0001",2024-11-30 00:00:00,"27",1,"kids shoes",$578.00,"Santa Cruz","BO"
"119042489RR0001",2024-6-30 00:00:00,"27",1,"MEDICAL EQUIPMENT AND SUPPLIES",$1.00,"NORTHERN REGION","ZM"
"119042489RR0001",2024-6-30 00:00:00,"27",2,"USED CLOTHING AND OTHER ITEMS",$1.00,"NORTHERN REGION","ZM"
"119042489RR0001",2024-6-30 00:00:00,"27",3,"BUILDING SUPPLIES",$1.00,"NORTHERN REGION","ZM"
"119042489RR0001",2024-6-30 00:00:00,"27",4,"WELL DRILLING SUPPLIES",$23654.00,"NORTHERN REGION","ZM"
"119048049RR0001",2024-3-31 00:00:00,"27",1,"TEXTBOOKS",$13933.00,"PAGET, BERMUDA","QN"
"119055150RR0001",2024-12-31 00:00:00,"27",1,"USED CLOTHING",$600.00,"UKRAINE","UA"
"119104750RR0001",2024-6-30 00:00:00,"27",1,"LIVRES/DROITS",$6567.00,"FRANCE","FR"
"119104750RR0001",2024-6-30 00:00:00,"27",2,"LIVRES",$1969.00,"ETATS-UNIS","US"
"119104750RR0001",2024-6-30 00:00:00,"27",3,"LIVRES",$185.00,"ROYAUME-UNI","GB"
"119104750RR0001",2024-6-30 00:00:00,"27",4,"LIVRES",$57.00,"EUROPE DIVERS, SUISSE ET DE","QP"
"119138527RR0001",2024-12-31 00:00:00,"27",1,"GIFT-FILLED SHOEBOXES",$5901850.00,"EL SALVADOR","SV"
"119138527RR0001",2024-12-31 00:00:00,"27",2,"GIFT-FILLED SHOEBOXES",$5608550.00,"COSTA RICA","CR"
"119138527RR0001",2024-12-31 00:00:00,"27",3,"GIFT-FILLED SHOEBOXES",$2906577.00,"SENEGAL","QS"
"119138527RR0001",2024-12-31 00:00:00,"27",4,"GIFT-FILLED SHOEBOXES",$2067700.00,"GAMBIA","GM"
"119138527RR0001",2024-12-31 00:00:00,"27",5,"GIFT-FILLED SHOEBOXES",$1454914.00,"GUINEA BISSAU","QS"
"119138527RR0001",2024-12-31 00:00:00,"27",6,"GIFT-FILLED SHOEBOXES",$499250.00,"PHILIPPINES","PH"
"119138527RR0001",2024-12-31 00:00:00,"27",7,"GIFT-FILLED SHOEBOXES",$466500.00,"CAPE VERDE","QS"
"119138527RR0001",2024-12-31 00:00:00,"27",8,"GIFT-FILLED SHOEBOXES",$429450.00,"UKRAINE","UA"
"119138527RR0001",2024-12-31 00:00:00,"27",9,"DRIED VEGETABLE MIX",$3145891.00,"NIGER","NE"
"119138527RR0001",2024-12-31 00:00:00,"27",10,"DRIED VEGETABLE MIX",$1044799.00,"CHAD","TD"
"119138527RR0001",2024-12-31 00:00:00,"27",11,"DRIED VEGETABLE MIX",$963271.00,"PAKISTAN","PK"
"119138527RR0001",2024-12-31 00:00:00,"27",12,"DRIED VEGETABLE MIX",$840160.00,"MADAGASCAR","MG"
"119211100RR0001",2024-8-31 00:00:00,"27",1,"MAGAZINES",$14255.00,"USA","US"
"119219814RR0001",2024-3-31 00:00:00,"27",1,"Avon Hooded Training Masks",$5000.00,"Kyiv","UA"
"119219814RR0001",2024-3-31 00:00:00,"27",2,"CRC PEP kit for Somaliland",$1856.00,"Hargeisa, Somaliland","QS"
"119219814RR0001",2024-3-31 00:00:00,"27",3,"Avon CH15 CBRN Escape Hoods",$149760.00,"Kyiv","UA"
"119219814RR0001",2024-3-31 00:00:00,"27",4,"Avon CH15 CBRN Escape Hoods",$224640.00,"Kyiv","UA"
"119219814RR0001",2024-3-31 00:00:00,"27",5,"Post-Exposure Prophylaxis",$881.00,"Port-au-Prince","HT"
"119219814RR0001",2024-3-31 00:00:00,"27",6,"Avon CH15 Masks",$37440.00,"Kyiv","UA"
"119219814RR0001",2024-3-31 00:00:00,"27",7,"Avon CH15 Masks",$74880.00,"Kyiv","UA"
"119219814RR0001",2024-3-31 00:00:00,"27",8,"Avon CH15 Masks",$31200.00,"Kyiv","UA"
"119219814RR0001",2024-3-31 00:00:00,"27",9,"Equipment",$205845.00,"Benghazi","LY"
"119219814RR0001",2024-3-31 00:00:00,"27",10,"Hand-Carry Equipment",$2808.00,"Benghazi","LY"
"119219814RR0001",2024-3-31 00:00:00,"27",11,"Non-food items",$90470.00,"Benghazi","LY"
"119219814RR0001",2024-3-31 00:00:00,"27",12,"Bed Shipment",$81274.00,"Amman","JO"
"119219814RR0001",2024-3-31 00:00:00,"27",13,"Non Food Item Gaza",$59560.00,"Amman","JO"
"119219814RR0001",2024-3-31 00:00:00,"27",14,"ERU Hospital Shipment",$648943.00,"Amman","JO"
"119219814RR0001",2024-3-31 00:00:00,"27",15,"Pharmaceutical Shipment",$26310.00,"Amman","JO"
"119219814RR0001",2024-3-31 00:00:00,"27",16,"Pharmaceutical Shipment",$3823.00,"Amman","JO"
"119219814RR0001",2024-3-31 00:00:00,"27",17,"Pharmaceutical Shipment",$149.00,"Amman","JO"
"119219814RR0001",2024-3-31 00:00:00,"27",18,"Cold Chain Shipment",$6975.00,"Amman","JO"
"119219814RR0001",2024-3-31 00:00:00,"27",19,"Hemocue Cold Chain",$876.00,"Amman","JO"
"119219814RR0001",2024-3-31 00:00:00,"27",20,"Post-Exposure Prophylaxis",$973.00,"Kyiv","UA"
"119219814RR0001",2024-3-31 00:00:00,"27",21,"Avon CH15 CBRN Escape Hoods #2",$149760.00,"Kyiv","UA"
"119219814RR0001",2024-3-31 00:00:00,"27",22,"Avon CH15 Masks Qty 240",$37440.00,"Kyiv","UA"
"119219814RR0001",2024-3-31 00:00:00,"27",23,"Avon CH15 Masks Qty 480",$74880.00,"Kyiv","UA"
"119219814RR0001",2024-3-31 00:00:00,"27",24,"ICT Hand-Carry Equipment",$2808.00,"Benghazi","LY"
"119238970RR0001",2024-6-30 00:00:00,"27",1,"TABLE TENNIS EQUIP",$949.00,"KINGSTON","JM"
"119238970RR0001",2024-6-30 00:00:00,"27",2,"CHAIRS",$18210.00,"KINGSTON","JM"
"119283612RR0001",2024-12-31 00:00:00,"27",1,"Via Magazines",$3250.00,"Liverpool","GB"
"119283612RR0001",2024-12-31 00:00:00,"27",2,"magazines",$2210.00,"Brisbane","AU"
"119288918RR0001",2024-8-31 00:00:00,"27",1,"Religious Literature",$1468992.00,"Cesário Lange","BR"
"119288918RR0001",2024-8-31 00:00:00,"27",2,"Religious Lit. & Stretch Wrapp",$37148.00,"Facatativá/Bogota","CO"
"119288918RR0001",2024-8-31 00:00:00,"27",3,"Religious Literature",$190154.00,"Santo Domingo","DO"
"119288918RR0001",2024-8-31 00:00:00,"27",4,"Cameras",$7703.00,"Yeka Sub-City","ET"
"119288918RR0001",2024-8-31 00:00:00,"27",5,"Religious Literature & Cameras",$56669.00,"Selters","DE"
"119288918RR0001",2024-8-31 00:00:00,"27",6,"Religious Literature",$153614.00,"Port-Au-Prince","HT"
"119288918RR0001",2024-8-31 00:00:00,"27",7,"Religious Lit. & Press Parts",$3258.00,"Ebina City","JP"
"119288918RR0001",2024-8-31 00:00:00,"27",8,"Cameras",$5383.00,"Monrovia","LR"
"119288918RR0001",2024-8-31 00:00:00,"27",9,"Religious Literature",$19161.00,"Del Azcapotzalco","MX"
"119288918RR0001",2024-8-31 00:00:00,"27",10,"Video Equipment",$295.00,"Lima","PE"
"119288918RR0001",2024-8-31 00:00:00,"27",11,"Video Equipment",$1469.00,"Nadarzyn","PL"
"119288918RR0001",2024-8-31 00:00:00,"27",12,"Grinding machine parts",$24393.00,"Krugersdorp","ZA"
"119288918RR0001",2024-8-31 00:00:00,"27",13,"Religious Literature",$55887.00,"Curepe","TT"
"119288918RR0001",2024-8-31 00:00:00,"27",14,"Splice tape & Cartons",$6040.00,"Wallkill","US"
"119288918RR0001",2024-8-31 00:00:00,"27",15,"Video Equipment",$552.00,"Ho Chi Minh City","VN"
"119288918RR0001",2024-8-31 00:00:00,"27",16,"Video Equipment",$970.00,"Lusaka","ZM"
"119292860RR0001",2024-12-31 00:00:00,"27",1,"SCHOOLSUPPLIES",$1266.00,"ROKONTHA, YONIMABANTHACHIEFDM","SL"
"119304855RR0001",2024-9-30 00:00:00,"27",1,"Books & School Supplies",$17662.00,"Burundi","BI"
"119304855RR0001",2024-9-30 00:00:00,"27",2,"Books & School Supplies",$44207.00,"El Salvador","SV"
"119304855RR0001",2024-9-30 00:00:00,"27",3,"Books & School Supplies",$26372.00,"South Sudan","SS"
"119304855RR0001",2024-9-30 00:00:00,"27",4,"Clothing/Fabric",$456699.00,"Afghanistan","AF"
"119304855RR0001",2024-9-30 00:00:00,"27",5,"Clothing/Fabric",$7080.00,"Burundi","BI"
"119304855RR0001",2024-9-30 00:00:00,"27",6,"Clothing/Fabric",$606185.00,"Lebanon","LB"
"119304855RR0001",2024-9-30 00:00:00,"27",7,"Clothing/Fabric",$113738.00,"South Sudan","SS"
"119304855RR0001",2024-9-30 00:00:00,"27",8,"Family Emergency Kits",$201928.00,"Haiti","HT"
"119304855RR0001",2024-9-30 00:00:00,"27",9,"Family Emergency Kits",$485159.00,"Mali","ML"
"119304855RR0001",2024-9-30 00:00:00,"27",10,"Family Emergency Kits",$264027.00,"Brazil","BR"
"119304855RR0001",2024-9-30 00:00:00,"27",11,"Medical Supplies",$3019.00,"South Sudan","SS"
"119304855RR0001",2024-9-30 00:00:00,"27",12,"Personal Care Items",$115903.00,"Burundi","BI"
"119304855RR0001",2024-9-30 00:00:00,"27",13,"Personal Care Items",$224571.00,"El Salvador","SV"
"119304855RR0001",2024-9-30 00:00:00,"27",14,"Personal Care Items",$68700.00,"South Sudan","SS"
"119304855RR0001",2024-9-30 00:00:00,"27",15,"Solar Panels",$162398.00,"Burundi","BI"
"119304855RR0001",2024-9-30 00:00:00,"27",16,"Solar Panels",$144165.00,"El Salvador","SV"
"119304855RR0001",2024-9-30 00:00:00,"27",17,"Solar Panels",$194586.00,"Ghana","GH"
"119304855RR0001",2024-9-30 00:00:00,"27",18,"Solar Panels",$177975.00,"Lebanon","LB"
"119304855RR0001",2024-9-30 00:00:00,"27",19,"Solar Panels",$119670.00,"Tanzania","TZ"
"119304855RR0001",2024-9-30 00:00:00,"27",20,"Solar Panels",$67166.00,"South Sudan","SS"
"119304855RR0001",2024-9-30 00:00:00,"27",21,"Toys",$2000.00,"Burundi","BI"
"119304855RR0001",2024-9-30 00:00:00,"27",22,"Toys",$4600.00,"El Salvador","SV"
"119304855RR0001",2024-9-30 00:00:00,"27",23,"Toys",$7486.00,"South Sudan","SS"
"119304855RR0001",2024-9-30 00:00:00,"27",24,"Tools",$16117.00,"Somalia (Somaliland)","SO"
"119304855RR0001",2024-9-30 00:00:00,"27",25,"Clothing/Fabric",$2805823.00,"Zambia","ZM"
"119304855RR0001",2024-9-30 00:00:00,"27",26,"Clothing/Fabric",$486461.00,"El Salvador","SV"
"119305423RR0001",2024-5-31 00:00:00,"27",1,"DONATED CLOTHING",,"WESTERN UKRAINE","UA"
"119305654RR0001",2024-12-31 00:00:00,"27",1,"Timeless Books",$852.00,"Spokane","US"
"129989570RR0001",2024-7-31 00:00:00,"27",1,"medical/school supplies tools",$5330.00,"Pedregal","DO"
"130331168RR0001",2024-12-31 00:00:00,"27",1,"CRAFT SUPPLIES",$300.00,"LEON","NI"
"130520802RR0001",2024-6-30 00:00:00,"27",1,"Eyeglasses kits",$2895.00,"San Miguel","SV"
"130964786RR0001",2024-12-31 00:00:00,"27",1,"1042 VÉLOS, 814 PAQUETS DE PIÈ",$7169.00,"LOME, TOGO","QS"
"131639239RR0001",2024-12-31 00:00:00,"27",1,"SUPPLIES AND VACCINES",$4006.00,"KALASIN","TH"
"132152893RR0001",2024-9-30 00:00:00,"27",1,"Soup mix",$1161720.00,"Bujumbura","BI"
"132152893RR0001",2024-9-30 00:00:00,"27",2,"Soup mix",$867300.00,"Guatemala City","GT"
"132152893RR0001",2024-9-30 00:00:00,"27",3,"Soup mix",$302400.00,"Paarl, South Africa","QS"
"132152893RR0001",2024-9-30 00:00:00,"27",4,"deworming medication",$960000.00,"Entebbe","UG"
"132171414RR0001",2024-12-31 00:00:00,"27",1,"ARTICLES RELIGIEUX",$4075.00,"NAMUR, BELGIQUE","QP"
"132219494RR0001",2024-3-31 00:00:00,"27",1,"PLASTIC BAGS, POLY BAGS, (...)",$20858.00,"HEIMERZHEIM/SWITTAL","DE"
"132219494RR0001",2024-3-31 00:00:00,"27",2,"LABELS, BOXES, BAGS",$11434.00,"MOMBASA","KE"
"132219494RR0001",2024-3-31 00:00:00,"27",3,"BAGS/LABELS/BOXES",$15400.00,"CUBA, HAITI, UKRAINE, LIBERIA, JORD","CU"
"132219494RR0001",2024-3-31 00:00:00,"27",4,"PLASTIC BAGS, LABELS, BOXES",$29443.00,"EPHRATA/PENNSYLVANIA","US"
"132278227RR0001",2024-12-31 00:00:00,"27",1,"Baby Clothing",$500.00,"Antipolo City, Rizal","PH"
"132662859RR0001",2024-9-30 00:00:00,"27",1,"RELIGIOUS MATERIAL",$13000.00,"GUATEMALA CITY","GT"
"134420819RR0001",2024-12-31 00:00:00,"27",1,"SUNDAY SCHOOL SUPPLIES",$445.00,"N.W. PROVINCE","ZM"
"134768654RR0001",2024-12-31 00:00:00,"27",1,"PRINTED MATERIALS",$64983.00,"VARIOUS","US"
"135950327RR0001",2024-12-31 00:00:00,"27",1,"BOOKS, CLOTHING, SHOE",,"AFRICA GHANA","GH"
"135950327RR0001",2024-12-31 00:00:00,"27",2,"COMPUTER, PRINTER",,"AFRICA GHANA","GH"
"135950327RR0001",2024-12-31 00:00:00,"27",3,"COOKING UTENSILS",,"AFRICA GHANA","GH"
"135950327RR0001",2024-12-31 00:00:00,"27",4,"FOOD STUFF",,"AFRICA GHANA","GH"
"136764883RR0001",2024-6-30 00:00:00,"27",1,"VOIR LISTE",,,
"137405619RR0001",2024-12-31 00:00:00,"27",1,"MED/CLOTHING/CHILDREN MIN SUP/",$1384.00,"GUATEMALA","GT"
"137405619RR0001",2024-12-31 00:00:00,"27",2,"CHILDREN MINISTRY SUPPLIES/CLO",$683.00,"PERU","PE"
"137405619RR0001",2024-12-31 00:00:00,"27",3,"CHILDREN MINISTRY SUPPLIES/CLO",$933.00,"KENYA","KE"
"138603162RR0001",2024-12-31 00:00:00,"27",1,"BIBLES, BOOKS, CLOTHINGS",$1000.00,"SAMAR PAQASINAN","PH"
"139295802RR0001",2024-12-31 00:00:00,"27",1,"BIBLES AND BOOKS",$300.00,"TANZANIA","TZ"
"139295802RR0001",2024-12-31 00:00:00,"27",2,"BIBLES AND BOOKS",$250.00,"RWANDA","RW"
"139295802RR0001",2024-12-31 00:00:00,"27",3,"GOSPEL TRACTS",$1186.00,"PHILIPPINES","PH"
"139295802RR0001",2024-12-31 00:00:00,"27",4,"SPANISH KIDS AND AUDIO BIBLES",$646.00,"MEXICO","MX"
"139482855RR0001",2024-12-31 00:00:00,"27",1,"FOODS,LINENS,CLOTHING",$253809.00,"BULGARIA","BG"
"139482855RR0001",2024-12-31 00:00:00,"27",2,"FOODS,LINENS,CLOTHING",$287604.00,"MOLDOVA","QP"
"139482855RR0001",2024-12-31 00:00:00,"27",3,"FOODS,LINENS,CLOTHING",$84167.00,"ROMANIA","RO"
"139482855RR0001",2024-12-31 00:00:00,"27",4,"FOODS,LINENS,CLOTHING",$285629.00,"UKRAINE","UA"
"139482855RR0001",2024-12-31 00:00:00,"27",5,"FOODS,LINENS,CLOTHING",$630002.00,"ROMANIA WAREHOUSE","RO"
"139482855RR0001",2024-12-31 00:00:00,"27",6,"FOODS,LINENS,CLOTHING",$113236.00,"ALBANIA","AL"
"140092578RR0001",2024-1-31 00:00:00,"27",1,"60 PERSONAL SOLAR KITS/BATTERI",$25800.00,"NAKURU CITY , NAKURU COUNTY","KE"
"140707282RR0001",2024-12-31 00:00:00,"27",1,"MÉDICAMENTS",$90.00,"BATEY DE BARAGUANA","DO"
"140707282RR0001",2024-12-31 00:00:00,"27",2,"TROUSSES HYGIÉNIQUES",$1571.00,"RÉGION GRAND GOAVE","HT"
"140707282RR0001",2024-12-31 00:00:00,"27",3,"MATÉRIEL DE COUTURE",$12000.00,"RÉGION GRAND GOAVE","HT"
"700635493RR0001",2024-6-30 00:00:00,"27",1,"HYGIENE-KITS",$1728.00,"NEPAL","QR"
"700635493RR0001",2024-6-30 00:00:00,"27",2,"MEDICAL-SUPPLIES",$6000.00,"NEPAL","QR"
"701372542RR0001",2024-12-31 00:00:00,"27",1,"MEDICATION",$2650.00,,"UG"
"701372542RR0001",2024-12-31 00:00:00,"27",2,"GROCERIES",,,
"701372542RR0001",2024-12-31 00:00:00,"27",3,"OTHER BASIC SUPPLIES",,,
"701554891RR0001",2024-3-31 00:00:00,"27",1,"Non-perishables",$0.00,"La Union, Abra, Ilocos Norte, Zambales, Cagayan, Nueva Vizcaya, Pangasinan, Isabela","PH"
"705380889RR0001",2024-3-31 00:00:00,"27",1,"ARTICLES SCOLAIRES",$500.00,"CROIX-AUX-BOUQUETS","HT"
"706727724RR0001",2024-4-30 00:00:00,"27",1,"Books",$868.00,"Provinces: Kalinga, Apayao, Nueva Ecija, Makati, Mt. Province, Zamboanga del Norte, Zamboanga Sibugay and Bukidnon","PH"
"706727724RR0001",2024-4-30 00:00:00,"27",2,"School Supplies",$797.00,"Kalinga, Apayao, Mt. Province, Zamboanga del Norte, Zamboanga Sibugay and Bukidnon","PH"
"706727724RR0001",2024-4-30 00:00:00,"27",3,"Groceries",$577.00,"Kalinga, Makati, Mt. Province, Zamboanga del Norte, Zamboanga Sibugay and Bukidnon","PH"
"706727724RR0001",2024-4-30 00:00:00,"27",4,"Soup bowls and plates",$27.00,"Zamboanga del Norte and  Nueva Ecija","PH"
"707970208RR0001",2024-8-31 00:00:00,"27",1,"FOOD, HEALTH PRODUCTS, VEHICLE",$80390.00,"VOLTA REGION","GH"
"708211321RR0001",2024-12-31 00:00:00,"27",1,"School Bags",$5200.00,"Araripina, Pernambuco","BR"
"708211321RR0001",2024-12-31 00:00:00,"27",2,"School Supplies",$4000.00,"Araripina, Pernambuco","BR"
"710079484RR0001",2024-1-30 00:00:00,"27",1,"DENTAL SUPPLIES",,"UGANDA","UG"
"713718906RR0001",2024-12-31 00:00:00,"27",1,"Livres",$7500.00,"Yaoundé et Douala","CM"
"715593075RR0001",2024-12-31 00:00:00,"27",1,"60 Canon Cameras",$33324.00,"Kampala","UG"
"715593075RR0001",2024-12-31 00:00:00,"27",2,"10 Canon Cameras",$2302.00,"Dar es Salaam","TZ"
"715850079RR0001",2024-12-31 00:00:00,"27",1,"Batteries pour énergie solaire",$24163.00,"Jonc-Dodin d'Aquin","HT"
"721798916RR0001",2024-12-31 00:00:00,"27",1,"Used Clothes",$800.00,"Federal Capital Territory , Abuja","NG"
"721798916RR0001",2024-12-31 00:00:00,"27",2,"Used Electronics",$400.00,"Lagos, Federal Capital Territory,","NG"
"722732922RR0001",2024-12-31 00:00:00,"27",1,"KN95 MASKS (CHILDREN'S)",$720000.00,"HANOI, VIETNAM","VN"
"722732922RR0001",2024-12-31 00:00:00,"27",2,"KN95 MASKS (CHILDREN'S)",$288000.00,"SANTO DOMINGO, DOMINICAN REPUBLIC","DO"
"722732922RR0001",2024-12-31 00:00:00,"27",3,"KN95 MASKS (ADULT'S AND CHILDR",$268400.00,"LUANG PRABANG, LAOS","LA"
"722732922RR0001",2024-12-31 00:00:00,"27",4,"480 DIGNITY KIDS",$8999.00,"AHUACHAPAN, EL SALVADOR","SV"
"726289739RR0001",2024-12-31 00:00:00,"27",1,"LAPTOPS (X 3) $372.89 EACH",$1119.00,"BATTICALOA","LK"
"726289739RR0001",2024-12-31 00:00:00,"27",2,"SPEAKERS ($56.49 X 3)",$169.00,"BATTICALOA","LK"
"726289739RR0001",2024-12-31 00:00:00,"27",3,"CLOTHING (USED AND DONATED)",$20.00,"BATTICALOA","LK"
"731177119RR0001",2024-10-31 00:00:00,"27",1,"MEDICAL MOBILITY EQUIPMENT",$1.00,"ST. LUCIA","QM"
"742323207RR0001",2024-2-28 00:00:00,"27",1,"Food/Clothing/Medical Supplies",$56026.00,"Rivne City","UA"
"742640535RR0001",2024-12-31 00:00:00,"27",1,"ASSISTIVE DEVICES",$925797.00,"CAMAGUEY, CUBA","CU"
"742640535RR0001",2024-12-31 00:00:00,"27",2,"ASSISTIVE DEVICES",$129000.00,"LIMA, PERU","PE"
"746856327RR0001",2024-9-30 00:00:00,"27",1,"PERSONAL CARE PRODUCTS",$44400.00,"INDIA","IN"
"746856327RR0001",2024-9-30 00:00:00,"27",2,"PERSONAL CARE PRODUCTS",$600.00,"GUYANA","GY"
"746856327RR0001",2024-9-30 00:00:00,"27",3,"PERSONAL CARE PRODUCTS",$1000.00,"TRINIDAD","QM"
"747098010RR0001",2024-6-30 00:00:00,"27",1,"Used books & equipment",$0.00,"Durban Area","ZA"
"747558872RR0001",2024-12-31 00:00:00,"27",1,"PET BEDS TO YS BOWLS, SPECIALI",$450.00,"MEXICO","MX"
"749347928RR0001",2024-12-31 00:00:00,"27",1,"MATERIEL SPORTIF",$4000.00,"OUAGADOUGOU","QS"
"749347928RR0001",2024-12-31 00:00:00,"27",2,"POTEAUX POUR PLATEAU",$5560.00,"OUAGADOUGOU","QS"
"763873007RR0001",2024-12-31 00:00:00,"27",1,"chairs,  books,sound equiment",$15000.00,"Same","TZ"
"767996291RR0001",2024-5-31 00:00:00,"27",1,"SUPPLIES",$437.00,"CU","CU"
"771604501RR0001",2024-12-31 00:00:00,"27",1,"Water Filtration Plant",$25000.00,"Calana Town, Freetown","SL"
"771608478RR0001",2024-12-31 00:00:00,"27",1,"Shipping",$1981.00,"Entumbil, Central Region","GH"
"771608478RR0001",2024-12-31 00:00:00,"27",2,"Wages",$16686.00,"Entumbil, Central Region","GH"
"771608478RR0001",2024-12-31 00:00:00,"27",3,"Educational Mat'ls & Supplies",$3369.00,"Entumbil, Central Region","GH"
"771608478RR0001",2024-12-31 00:00:00,"27",4,"Food & Sanitation Supplies",$3054.00,"Entumbil, Central Region","GH"
"779034131RR0001",2024-6-30 00:00:00,"27",1,"MEDICAL SUPPLIES",$495.00,"MASHONA LAND DISTRICT","ZW"
"782036917RR0001",2024-12-31 00:00:00,"27",1,"DIGITAL VERSION OF 2024...",$149.00,"VARIOUS CITIES / COUNTRIES","US"
"782087878RR0001",2024-12-31 00:00:00,"27",1,"Fournitures scolaires",$182.00,"Saint-Michel de l'Attalaye","HT"
"782300503RR0001",2024-12-31 00:00:00,"27",1,"PAINTING - A DREAM",$13579000.00,"AMSTERDAM","NL"
"782300503RR0001",2024-12-31 00:00:00,"27",2,"WORK ON PAPER - A POET'S WORLD",$645003.00,"AMSTERDAM","NL"
"782300503RR0001",2024-12-31 00:00:00,"27",3,"PAINTING - A DREAM",$13583500.00,"ZURICH, SWITZERLAND","QP"
"782300503RR0001",2024-12-31 00:00:00,"27",4,"WORK ON PAPER - A POET'S WORLD",$645216.00,"ZURICH, SWITZERLAND","QP"
"786844324RR0001",2024-12-31 00:00:00,"27",1,"Used Clothing & humanitarian",$15000.00,"ACCRA-GHANA","GH"
"786844324RR0001",2024-12-31 00:00:00,"27",2,"Medical equip donated-Gov Can",$10000.00,"ACCRA-GHANA","GH"
"796831717RR0001",2024-12-31 00:00:00,"27",1,"Medical Supplies",$126215.00,"Lilongwe","MW"
"798255337RR0001",2024-9-30 00:00:00,"27",1,"Medical supplies",$2881.00,"Nairobi, Kenya","KE"
"801035205RR0001",2024-12-31 00:00:00,"27",1,"Food",$18000.00,"Bo City","SL"
"801035205RR0001",2024-12-31 00:00:00,"27",2,"Electronics",$8200.00,"Bo City","SL"
"801035205RR0001",2024-12-31 00:00:00,"27",3,"Clothing and Furniture",$19500.00,"Bo City","SL"
"801035205RR0001",2024-12-31 00:00:00,"27",4,"Education Materials",$8500.00,"Bo City","SL"
"802772277RR0001",2024-12-31 00:00:00,"27",1,"HAND-MADE TOYS",$200.00,"CHIANGMAI","TH"
"803315068RR0001",2024-12-31 00:00:00,"27",1,"MATH TEXTBOOKS DONATED BY ALBE",$2000.00,"BUJUMBURA","BI"
"805952611RR0001",2024-12-31 00:00:00,"27",1,"Used Clothes",$230.00,"Hatton","LK"
"805952611RR0001",2024-12-31 00:00:00,"27",2,"Used Clothes",$340.00,"Chavakachcheri","LK"
"805952611RR0001",2024-12-31 00:00:00,"27",3,"Used Clothes",$510.00,"Mannar","LK"
"809694276RR0001",2024-12-31 00:00:00,"27",1,"VÊTEMENTS, SOULIERS, LITERIE,",$6221.00,"JÈRÈMIE","HT"
"809694276RR0001",2024-12-31 00:00:00,"27",2,"ARTICLES SCOLAIRES, PRODUITS D",,,
"809694276RR0001",2024-12-31 00:00:00,"27",3,"ARTICLES DE QUINCAILLERIE",,,
"811578186RR0001",2024-12-31 00:00:00,"27",1,"personal health items",$7500.00,"Manila and Mindoro Island","PH"
"812394849RR0001",2024-12-31 00:00:00,"27",1,"STARLINK",$337.00,"SECT.RURALE DE TROU-DU-NORD","HT"
"812394849RR0001",2024-12-31 00:00:00,"27",2,"MATÉR SCOL. ET MEDIC",$825.00,"SECT.RURALE DE TROU-DU-NORD","HT"
"812394849RR0001",2024-12-31 00:00:00,"27",3,"MATÉR.CONSTRUCTION",$609.00,"SECT.RURALE DE TROU-DU-NORD","HT"
"814164323RR0001",2024-12-31 00:00:00,"27",1,"SUPPLIES FOR PROSETHETIC ARMS",$6580.00,"LVIV,","UA"
"814164323RR0001",2024-12-31 00:00:00,"27",2,"SUPPLIES FOR PROSETHETIC ARMS",$1888.00,"RAWALIPINDI","PK"
"814164323RR0001",2024-12-31 00:00:00,"27",3,"SUPPLIES FOR PROSETHETIC ARMS",$1629.00,"ELDORET","KE"
"814164323RR0001",2024-12-31 00:00:00,"27",4,"SUPPLIES FOR PROSETHETIC ARMS",$1410.00,"PORT-AU-PRINCE","HT"
"814544201RR0001",2024-12-31 00:00:00,"27",1,"GROCERIES",$10346.00,"GUATEMALA","GT"
"815309414RR0001",2024-12-31 00:00:00,"27",1,"CRAFT KITS",$500.00,"DOMINICAN REPUBLIC","DO"
"815949607RR0001",2024-12-31 00:00:00,"27",1,"SUPPLIES",$295.00,"GUATEMALA","GT"
"816009252RR0001",2024-8-31 00:00:00,"27",1,"BIRTHING KITS, MEDICAL SUPPLIE",$2500.00,"LILONGWE, MALAWI","QS"
"818010738RR0001",2024-12-31 00:00:00,"27",1,"4 VALISES NEUVE TRACKER",$1150.00,"BÉNIN","QS"
"818010738RR0001",2024-12-31 00:00:00,"27",2,"700 SERVIETTES SANITAIRES LAVA",$17465.00,"BÉNIN","QS"
"818010738RR0001",2024-12-31 00:00:00,"27",3,"1270 COUPES MENSTRUELLES",$157351.00,"BÉNIN","QS"
"818372682RR0001",2024-12-31 00:00:00,"27",1,"HYGIENE/FOOD SUPPLIES",$82825.00,"HAITI","HT"
"819171133RR0001",2024-5-31 00:00:00,"27",1,"Fire skids",$11890.00,"Texas","US"
"819550245RR0001",2024-12-31 00:00:00,"27",1,"BALLS",$330.00,"IBANDA UGANDA","UG"
"819550245RR0001",2024-12-31 00:00:00,"27",2,"LONG ROPES",$84.00,"IBANDA UGANDA","UG"
"819550245RR0001",2024-12-31 00:00:00,"27",3,"SKIPPING ROPES",$250.00,"IBANDA UGANDA","UG"
"819550245RR0001",2024-12-31 00:00:00,"27",4,"ELECTRICAL TAPE",$80.00,"IBANDA UGANDA","UG"
"819550245RR0001",2024-12-31 00:00:00,"27",5,"BEAN BAGS",$206.00,"IBANDA UGANDA","UG"
"819550245RR0001",2024-12-31 00:00:00,"27",6,"PILONS",$320.00,"IBANDA UGANDA","UG"
"819550245RR0001",2024-12-31 00:00:00,"27",7,"DISKS",$72.00,"IBANDA UGANDA","UG"
"819550245RR0001",2024-12-31 00:00:00,"27",8,"PARACHUTE",$310.00,"IBANDA UGANDA","UG"
"819550245RR0001",2024-12-31 00:00:00,"27",9,"PLATIC SPOTS",$70.00,"IBANDA UGANDA","UG"
"819550245RR0001",2024-12-31 00:00:00,"27",10,"TARGET SHEETS",$10.00,"IBANDA UGANDA","UG"
"819550245RR0001",2024-12-31 00:00:00,"27",11,"BALLOONS",$20.00,"IBANDA UGANDA","UG"
"819550245RR0001",2024-12-31 00:00:00,"27",12,"BACKPACKS",$989.00,"IBANDA UGANDA","UG"
"819550245RR0001",2024-12-31 00:00:00,"27",13,"WATER BOTTLES",$400.00,"IBANDA UGANDA","UG"
"819550245RR0001",2024-12-31 00:00:00,"27",14,"BEACH BALLS",$800.00,"IBANDA UGANDA","UG"
"819550245RR0001",2024-12-31 00:00:00,"27",15,"PLAY BOOKS",$563.00,"IBANDA UGANDA","UG"
"819550245RR0001",2024-12-31 00:00:00,"27",16,"GOLD METALS",$126.00,"IBANDA UGANDA","UG"
"819550245RR0001",2024-12-31 00:00:00,"27",17,"CERTIFICATES",$40.00,"IBANDA UGANDA","UG"
"819550245RR0001",2024-12-31 00:00:00,"27",18,"FLAGGING TAPE",$63.00,"IBANDA UGANDA","UG"
"819550245RR0001",2024-12-31 00:00:00,"27",19,"PINNIES",$200.00,"IBANDA UGANDA","UG"
"819550245RR0001",2024-12-31 00:00:00,"27",20,"IPOD/FLASHDRIVE",$200.00,"IBANDA UGANDA","UG"
"819550245RR0001",2024-12-31 00:00:00,"27",21,"FIRST AID KIT",$30.00,"IBANDA UGANDA","UG"
"819550245RR0001",2024-12-31 00:00:00,"27",22,"BALL PUMP & SPARE NEEDLES",$25.00,"IBANDA UGANDA","UG"
"819550245RR0001",2024-12-31 00:00:00,"27",23,"POTATO SACKS",$200.00,"IBANDA UGANDA","UG"
"819550245RR0001",2024-12-31 00:00:00,"27",24,"EDUCATIONAL MATERIALS",$800.00,"IBANDA UGANDA","UG"
"819550245RR0001",2024-12-31 00:00:00,"27",25,"TREATS / CANDIES / BUBBLES",$86.00,"IBANDA UGANDA","UG"
"819550245RR0001",2024-12-31 00:00:00,"27",26,"LUGGAGE",$240.00,"IBANDA UGANDA","UG"
"819550245RR0001",2024-12-31 00:00:00,"27",27,"DUFFLE BAGS",$20.00,"IBANDA UGANDA","UG"
"819550245RR0001",2024-12-31 00:00:00,"27",28,"T-SHIRTS/HATS",$100.00,"IBANDA UGANDA","UG"
"820782126RR0001",2024-12-31 00:00:00,"27",1,"BACKPACKS FULL OF SCHOOL SUPPL",,"SAN SALVADOR","SV"
"821672581RR0001",2024-12-31 00:00:00,"27",1,"HANDICRAFTS - BASKETS, BEADS",$2000.00,"CAMBRIDGE, ON","CA"
"823038039RR0001",2024-12-31 00:00:00,"27",1,"Fournitures de bureau",$206.00,"Région de Puerto Plata","DO"
"823038039RR0001",2024-12-31 00:00:00,"27",2,"Licence",$2.00,"Région de Puerto Plata","DO"
"823038039RR0001",2024-12-31 00:00:00,"27",3,"Automobile (caméra)",$184.00,"Région de Puerto Plata","DO"
"823038039RR0001",2024-12-31 00:00:00,"27",4,"Fournitures Evangél/Dist. Alim",$55.00,"Région Puerto Plata","DO"
"823038039RR0001",2024-12-31 00:00:00,"27",5,"Antenne ampli. signal cell.",$230.00,"Région de Puerto Plata","DO"
"823038039RR0001",2024-12-31 00:00:00,"27",6,"Caméras de surveillance",$56.00,"Région de Puerto Plata","DO"
"823103858RR0001",2024-1-15 00:00:00,"27",1,"seed",$4000.00,"Multiple areas","UA"
"823103858RR0001",2024-1-15 00:00:00,"27",2,"Food",$8043200.00,"Multiple areas","UA"
"823830849RR0001",2024-12-31 00:00:00,"27",1,"Donated musical instruments",$2520.00,"Jamaica - various regions","JM"
"824221220RR0001",2024-12-31 00:00:00,"27",1,"Books, Computers",$4834.00,"Sarakofe and Amuzukodzi","TG"
"824556195RR0001",2024-12-31 00:00:00,"27",1,"PERSONAL EFFECTS; TIRES",$40850.00,"ACCRA, GHANA","GH"
"827502741RR0001",2024-12-31 00:00:00,"27",1,"Family Emergency Kit - Rainfre",$119135.00,"Kingstown","JM"
"827502741RR0001",2024-12-31 00:00:00,"27",2,"Family Emergency Kit - Aquabox",$16450.00,"Bequia","VC"
"827502741RR0001",2024-12-31 00:00:00,"27",3,"Family Emergency Kit - Aquabox",$16450.00,"Canouan","VC"
"827502741RR0001",2024-12-31 00:00:00,"27",4,"Family Emergency Kit - Aquabox",$16450.00,"Mayreau","VC"
"827502741RR0001",2024-12-31 00:00:00,"27",5,"Family Emergency Kit - Aquabox",$16450.00,"Union Island","VC"
"827502741RR0001",2024-12-31 00:00:00,"27",6,"Family Emergency Kit - Rainfre",$5957.00,"Bequia","VC"
"827502741RR0001",2024-12-31 00:00:00,"27",7,"Family Emergency Kit - Rainfre",$5957.00,"Canouan","VC"
"827502741RR0001",2024-12-31 00:00:00,"27",8,"Family Emergency Kit - Rainfre",$5957.00,"Mayreau","VC"
"827502741RR0001",2024-12-31 00:00:00,"27",9,"Family Emergency Kit - Rainfre",$5957.00,"Union Island","VC"
"827502741RR0001",2024-12-31 00:00:00,"27",10,"Emergency Food Kit",$11563.00,"Mayreau","VC"
"827502741RR0001",2024-12-31 00:00:00,"27",11,"Emergency Food Kit",$11563.00,"Union Island","VC"
"827502741RR0001",2024-12-31 00:00:00,"27",12,"Family Emergency Kit - Rain V2",$135940.00,"Marrakesh Province/Governerate.","MA"
"827502741RR0001",2024-12-31 00:00:00,"27",13,"Family Emergency Kit - Rain V2",$135940.00,"Al Haouz & Chichaoua","MA"
"827502741RR0001",2024-12-31 00:00:00,"27",14,"Family Emergency Kit - Rain V3",$433471.00,"Khan Yunis","PS"
"827502741RR0001",2024-12-31 00:00:00,"27",15,"Family Emergency Kit - Aquabox",$65798.00,"St. George","GD"
"827502741RR0001",2024-12-31 00:00:00,"27",16,"Family Emergency Kit - Aquabox",$16381.00,"St. David","GD"
"827502741RR0001",2024-12-31 00:00:00,"27",17,"Family Emergency Kit - Aquabox",$23126.00,"St. Andrew","GD"
"827502741RR0001",2024-12-31 00:00:00,"27",18,"Childrens Advil (100ml)",$235697.00,"Kingstown","VC"
"827502741RR0001",2024-12-31 00:00:00,"27",19,"Childrens Advil (100ml)",$206235.00,"Castries","LC"
"827847039RR0001",2024-12-31 00:00:00,"27",1,"CLOTH MENSTRUAL KITS",$4480.00,"BELIZE","QM"
"827847039RR0001",2024-12-31 00:00:00,"27",2,"CLOTH MENSTRUAL KITS",$500.00,"BOLIVIA","BO"
"827847039RR0001",2024-12-31 00:00:00,"27",3,"CLOTH MENSTRUAL KITS",$5000.00,"COLUMBIA","CO"
"827847039RR0001",2024-12-31 00:00:00,"27",4,"CLOTH MENSTRUAL KITS",$3040.00,"CUBA","CU"
"827847039RR0001",2024-12-31 00:00:00,"27",5,"CLOTH MENSTRUAL KITS",$30000.00,"ETHIOPIA","ET"
"827847039RR0001",2024-12-31 00:00:00,"27",6,"CLOTH MENSTRUAL KITS",$18020.00,"GAZA","QO"
"827847039RR0001",2024-12-31 00:00:00,"27",7,"CLOTH MENSTRUAL KITS",$26300.00,"HONDURAS","HN"
"827847039RR0001",2024-12-31 00:00:00,"27",8,"CLOTH MENSTRUAL KITS",$6520.00,"LIBERIA","LR"
"827847039RR0001",2024-12-31 00:00:00,"27",9,"CLOTH MENSTRUAL KITS",$191300.00,"SOMALIA","SO"
"827847039RR0001",2024-12-31 00:00:00,"27",10,"CLOTH MENSTRUAL KITS",$54360.00,"SOUTH SUDAN","QS"
"828227264RR0001",2024-12-31 00:00:00,"27",1,"meds, water filters, computeri",$2635.00,"Holguin, Havana, Florida","CU"
"828668699RR0001",2024-12-31 00:00:00,"27",1,"Conociendo Libertad Journals",$625.00,"Tijuanna","MX"
"828668699RR0001",2024-12-31 00:00:00,"27",2,"Conociendo Libertad Journals",$625.00,"Mexico (CDMX)","MX"
"828724138RR0001",2024-8-31 00:00:00,"27",1,"Medical Equipment",$1437.00,"Wa Regional Hospital, Upper West Region and Bolgatanga Regional Hospital, Upper East Region","GH"
"828829135RR0001",2024-12-31 00:00:00,"27",1,"sun glasses, school bags, supp",$3200.00,"Zanzibar","TZ"
"831172424RR0001",2024-6-30 00:00:00,"27",1,"MATÉRIEL SCOLAIRE",$7196.00,"ÎLE-DE-LA-TORTUE","HT"
"833444144RR0001",2024-4-30 00:00:00,"27",1,"GROCERIES & CONSUMABLES",$935.00,"IBADAN,OYO STATE","NG"
"833444144RR0001",2024-4-30 00:00:00,"27",2,"MEDICAL SUPPLIES",$314.00,"IBADAN, OYO STATE","NG"
"833444144RR0001",2024-4-30 00:00:00,"27",3,"FACILITY SUPPLIES",$813.00,"IBADAN, OYO STATE","NG"
"836064998RR0001",2024-12-31 00:00:00,"27",1,"Bibles, School suppl & food",$28310.00,"St Ann's Parish","JM"
"836121855RR0001",2024-3-31 00:00:00,"27",1,"2 CHAISE DENTAIRES USAGÉES",$800.00,"KINSHASA","CD"
"836121855RR0001",2024-3-31 00:00:00,"27",2,"1 APPAREIL RX DENTAIRE PORTABL",$300.00,"KINSHASA","CD"
"836121855RR0001",2024-3-31 00:00:00,"27",3,"20 BOITES ANESTHÉSIQUES DENTAI",$1000.00,"KINSHASA","CD"
"836425827RR0001",2024-12-31 00:00:00,"27",1,"MEDICAL SUPPLIES",$1450.00,"BADGARY-LAGOS","NG"
"836849323RR0001",2024-12-31 00:00:00,"27",1,"SCHOLASTIC SUPPLIES FOR TEACHE",$2000.00,"KENYA","KE"
"836849323RR0001",2024-12-31 00:00:00,"27",2,"SCHOOL SUPPLIES AND BACKPACKS",$1500.00,"KENYA","KE"
"837035468RR0001",2024-6-30 00:00:00,"27",1,"WORKSHOP MATERIALS",$2596.00,"BARBADOS","QM"
"837035468RR0001",2024-6-30 00:00:00,"27",2,"WORKSHOP MATERIALS",$1587.00,"MICHIGAN AND CALIFORNIA","US"
"837035468RR0001",2024-6-30 00:00:00,"27",3,"WORKSHOP MATERIALS",$1708.00,"AUSTRIA","QP"
"837035468RR0001",2024-6-30 00:00:00,"27",4,"WORKSHOP MATERIALS",$1259.00,"MEXICO","MX"
"837367077RR0001",2024-6-30 00:00:00,"27",1,"DONATIONS",$48700.00,"CAIRO","EG"
"837968569RR0001",2024-9-30 00:00:00,"27",1,"Books and teaching materials",$500.00,"Narra","PH"
"839003175RR0001",2024-7-31 00:00:00,"27",1,"Dental Supplies",$17402.00,,"UG"
"839003175RR0001",2024-7-31 00:00:00,"27",2,"Dental Supplies",$26149.00,,"PE"
"839003175RR0001",2024-7-31 00:00:00,"27",3,"Dental Supplies",$8137.00,,"KE"
"843527938RR0001",2024-3-31 00:00:00,"27",1,"CLOTHING AND BLANKETS",$3979.00,"KAGERA","TZ"
"844104794RR0001",2024-12-31 00:00:00,"27",1,"DRILING, TOOLS, OFFICE EQUIPME",$61646.00,"CONGO","CG"
"844198812RR0001",2024-6-30 00:00:00,"27",1,"SELENIUM",$77593.00,"ZAMBIA","ZM"
"844385021RR0001",2024-6-30 00:00:00,"27",1,"fabric",$187.00,"Marangu West, Kilimanjaro Region","TZ"
"846826451RR0001",2024-12-31 00:00:00,"27",1,"Used Soccer Shirts & Balls",$0.00,"Khayega","KE"
"846826451RR0001",2024-12-31 00:00:00,"27",2,"Homemade Teddies & Dolls",,"Malava, Khayega","KE"
"846826451RR0001",2024-12-31 00:00:00,"27",3,"Donated Pencils & Crayons",,"Chevoso, Malava, Khayega","KE"
"849016340RR0001",2024-12-31 00:00:00,"27",1,"Books and School Supplies",$1800.00,"Veraoex & Coban","GT"
"849587175RR0001",2024-12-31 00:00:00,"27",1,"CLOTHING, SCHOOL AND HOUSEHOLD",$26689.00,"PUERTO PLATA","DO"
"849739230RR0001",2024-12-31 00:00:00,"27",1,"MÉDICAMENTS ET MATÉRIEL MÉDICA",$12911.00,"HO CHI MINH, BIEN HOA, DONG NAI","VN"
"851024000RR0001",2024-12-31 00:00:00,"27",1,"Used clothing and blankets",$4100.00,"Kiev","UA"
"851583542RR0001",2024-12-31 00:00:00,"27",1,"USED EYE GLASSES",$1000.00,"GUATEMALA","GT"
"851583542RR0001",2024-12-31 00:00:00,"27",2,"SURGICAL EQUIPMENT",,"GUATEMALA","GT"
"851888412RR0001",2024-2-14 00:00:00,"27",1,"VÊTEMENTS USAGÉES - JOUET ...",,"BUJUMBURA","BI"
"854471521RR0001",2024-12-31 00:00:00,"27",1,"GUITARS",$23400.00,,"US"
"854471521RR0001",2024-12-31 00:00:00,"27",2,"GUITAR PARTS",$5631.00,,"UG"
"855037081RR0001",2024-4-30 00:00:00,"27",1,"32 DIGITAL LIBRARIES",$152000.00,"KNOXVILLE","US"
"855668554RR0001",2024-12-31 00:00:00,"27",1,"GIFT BAGS ADDED TO LARGER SHIP",$20198.00,"PHILIPPINES (RURAL AREAS)","PH"
"855668554RR0001",2024-12-31 00:00:00,"27",2,"GIFT BAGS ADDED TO LARGER SHIP",$7382.00,"SANTA CRUZ CUBA","CU"
"855668554RR0001",2024-12-31 00:00:00,"27",3,"GIFT BAGS ADDED TO LARGER SHIP",$4118.00,"GUATAMALA","GT"
"855668554RR0001",2024-12-31 00:00:00,"27",4,"GIFT BAGS ADDED TO LARGER SHIP",$18144.00,"SIERRA LEONE","SL"
"856338876RR0001",2024-12-31 00:00:00,"27",1,"CLOTHING",$6000.00,"PHILIPPINES","PH"
"856425780RR0001",2024-12-31 00:00:00,"27",1,"CLOTHING AND HOUSEHOLD ITEMS G",$10509.00,"ETHIOPIA","ET"
"856425780RR0001",2024-12-31 00:00:00,"27",2,"EDUCATIONAL AND SPORT SUPPL",$1683.00,"ETHIOPIA","ET"
"856425780RR0001",2024-12-31 00:00:00,"27",3,"HEALTH SERVICES AND HYGEINE",$345.00,"ETHIOPIA","ET"
"859163560RR0001",2024-12-31 00:00:00,"27",1,"children's clothing",$6632.00,"Sidvokodvo","QS"
"859427049RR0001",2024-12-31 00:00:00,"27",1,"MEDICAL SUPPLIES",$2048.00,,"BO"
"859427049RR0001",2024-12-31 00:00:00,"27",2,"MEDICAL SUPPLIES",$2048.00,,"CU"
"859427049RR0001",2024-12-31 00:00:00,"27",3,"MEDICAL SUPPLIES",$2048.00,,"CD"
"859427049RR0001",2024-12-31 00:00:00,"27",4,"MEDICAL SUPPLIES",$2048.00,,"LR"
"859427049RR0001",2024-12-31 00:00:00,"27",5,"MEDICAL SUPPLIES",$2048.00,,"ML"
"859427049RR0001",2024-12-31 00:00:00,"27",6,"MEDICAL SUPPLIES",$2048.00,,"NG"
"859427049RR0001",2024-12-31 00:00:00,"27",7,"MEDICAL SUPPLIES",$2048.00,,"SL"
"859427049RR0001",2024-12-31 00:00:00,"27",8,"MEDICAL SUPPLIES",$2048.00,,"LY"
"859928483RR0001",2024-12-31 00:00:00,"27",1,"VARIOUS",$370299.00,"VARIOUS","QS"
"860491190RR0001",2024-12-31 00:00:00,"27",1,"USED BIKES & SHIPPING",$108915.00,"ZOMA, MALAWI","QS"
"860765296RR0001",2024-12-31 00:00:00,"27",1,"DONATED CLOTHING",,"MANAQUA","NI"
"860765296RR0001",2024-12-31 00:00:00,"27",2,"DONATED CLOTHING",,"HAVANA","CU"
"861256410RR0001",2024-12-31 00:00:00,"27",1,"MATÉRIEL/ÉQ. OPTOMÉTRIQUE ET O",$3650.00,"SAINT-LOUIS, SÉNÉGAL","QS"
"861256410RR0001",2024-12-31 00:00:00,"27",2,"MAT./ÉQ. OPTO ET OPTIQUE",$577.00,"LIMBÉ, HAITI","HT"
"861256410RR0001",2024-12-31 00:00:00,"27",3,"MATÉRIEL/ÉQ. OPTOMÉTRIQUE ET O",$25739.00,"TERRIER-ROUGE, HAÏTI","HT"
"861256410RR0001",2024-12-31 00:00:00,"27",4,"MATÉRIEL/ÉQ. OPTOMÉTRIQUE ET O",$4299.00,"LAMBARÉNÉ, GABON","GA"
"861832947RR0001",2024-12-31 00:00:00,"27",1,"FOOD AND CLOTHING",$1000.00,"ST VINCENT, WEST","QM"
"861832947RR0001",2024-12-31 00:00:00,"27",2,"FOOD-CLOTH-MEDICAL",$400.00,"MARAVAL, TRINIDAD","QM"
"861832947RR0001",2024-12-31 00:00:00,"27",3,"FOOD-CLOTH-MEDICAL",$500.00,"GH-GHANA","GH"
"862048758RR0001",2024-12-31 00:00:00,"27",1,"FABRICS, FLANNEL PRINTS",$23720.00,"DOMINICAN REPUBLIC","DO"
"862048758RR0001",2024-12-31 00:00:00,"27",2,"FOOD",$41445.00,"DOMINICAN REPUBLIC","DO"
"862497807RR0001",2024-12-31 00:00:00,"27",1,"Food, Medical, Clothes, Supply",$25000.00,"Mariel","CU"
"862497807RR0001",2024-12-31 00:00:00,"27",2,"Food, Medical, Clothes, Supply",$5000.00,"Maladi","CD"
"862497807RR0001",2024-12-31 00:00:00,"27",3,"Food, Medical, Clothes, Supply",$15000.00,"Acajutla","SV"
"862676897RR0001",2024-2-28 00:00:00,"27",1,"CLOTHING",,"KITWE","ZM"
"863309654RR0001",2024-3-31 00:00:00,"27",1,"LIVRES USAGÉS GRATUITS",,,
"864326814RR0001",2024-4-30 00:00:00,"27",1,"BOOKS",$376972.00,"SEE ATTACHED SCHEDULE",
"864511183RR0001",2024-12-31 00:00:00,"27",1,"Hospital Beds,Nursing Supplies",$9758.00,"Monrovia","LR"
"864511183RR0001",2024-12-31 00:00:00,"27",2,"Hospital Beds,Medical Supplies",$3037.00,"Lagos","NG"
"864511183RR0001",2024-12-31 00:00:00,"27",3,"Hospital Beds,Medical Supplies",$4036.00,"Banjul","GM"
"866327109RR0001",2024-12-31 00:00:00,"27",1,"CLOTHING, MEDICAL & SCHOOL SUP",$3897.00,"LABOMA","ZM"
"868544362RR0001",2024-12-31 00:00:00,"27",1,"DENTAL EQUIPMENT",$1227825.00,"SANTO DOMINGO","DO"
"868714684RR0001",2024-12-31 00:00:00,"27",1,"BOOKS & READING MATERIAL",$350089.00,"CAMBODIAN SCHOOLS AND LIBRARIES","KH"
"868869108RR0001",2024-6-30 00:00:00,"27",1,"MEAL BARS, COOKIES, HYGIENE PR",$1140722.00,"EL SALVADOR","SV"
"868869108RR0001",2024-6-30 00:00:00,"27",2,"BINDERS, MEAL BARS",$58486.00,"MALAWI","QS"
"868869108RR0001",2024-6-30 00:00:00,"27",3,"CANNED FOOD",$13968.00,"HAITI","HT"
"869890541RR0001",2024-12-31 00:00:00,"27",1,"MEDICAL SUPPLIES",$54000.00,"ULRAINE","UA"
"870392727RR0001",2024-12-31 00:00:00,"27",1,"FOURNITURE SCOLAIRES, ÉQUIP..",$35000.00,"KINSHASA/DRC","CD"
"871095006RR0001",2024-6-30 00:00:00,"27",1,"CLASSROOM FURNITURE, MEDICAL S",$21079.00,,"GT"
"872317573RR0001",2024-12-31 00:00:00,"27",1,"Dried Soup Mix Boxes",$4462.00,"Dipolog, Zamboang del Norte","PH"
"872317573RR0001",2024-12-31 00:00:00,"27",2,"Bean Boxes",$1009.00,"Dipolog, Zamboang del Norte","PH"
"872317573RR0001",2024-12-31 00:00:00,"27",3,"Apples Boxes",$105.00,"Dipolog, Zamboang del Norte","PH"
"872317573RR0001",2024-12-31 00:00:00,"27",4,"Donated clothes, diapers, gift",$400.00,"Dipolog, Zamboang del Norte","PH"
"872722368RR0001",2024-12-31 00:00:00,"27",1,"USED MEDICAL EQUIPMENT...",$700000.00,,"GH"
"872722368RR0001",2024-12-31 00:00:00,"27",2,"USED MEDICAL EQUIPMENT",$700000.00,,"GT"
"872722368RR0001",2024-12-31 00:00:00,"27",3,"USED MEDICAL EQUIPMENT",$350000.00,,"CU"
"872722368RR0001",2024-12-31 00:00:00,"27",4,"USED MEDICAL EQUIPEMENT",$350000.00,,"QM"
"872722368RR0001",2024-12-31 00:00:00,"27",5,"USED MEDICAL EQUIPMENT",$350000.00,,"QS"
"872722368RR0001",2024-12-31 00:00:00,"27",6,"USED MEDICAL EQUIPMENT",$2100000.00,,"UA"
"873747828RR0001",2024-3-31 00:00:00,"27",1,"LIVRES USAGES",,"HT",
"873747828RR0001",2024-3-31 00:00:00,"27",2,"LIVRES USAGES",,"CD",
"873747828RR0001",2024-3-31 00:00:00,"27",3,"LIVRES USAGES",,"CM",
"873747828RR0001",2024-3-31 00:00:00,"27",4,"LIVRES USAGES",,"TD",
"874628522RR0001",2024-12-31 00:00:00,"27",1,"ARES ELECTRONIC PART",,"NAIROBI","KE"
"877834903RR0001",2024-7-31 00:00:00,"27",1,"medical, educational, househol",$2083.00,"Accra","GH"
"877834903RR0001",2024-7-31 00:00:00,"27",2,"Education, clinic, household s",$1811.00,"Accra","GH"
"877834903RR0001",2024-7-31 00:00:00,"27",3,"Educational, household, clothi",$1735.00,"Manzini, Eswatini","SZ"
"877834903RR0001",2024-7-31 00:00:00,"27",4,"Educational, hygiene, bikes, o",$1921.00,"Bujumbura","BI"
"877834903RR0001",2024-7-31 00:00:00,"27",5,"Medical, trauma kits, hygiene,",$950.00,"Lviv","UA"
"877834903RR0001",2024-7-31 00:00:00,"27",6,"Hospital beds, medical equipme",$1834.00,"Accra","GH"
"877834903RR0001",2024-7-31 00:00:00,"27",7,"Medical, educational household",$1765.00,"Accra","GH"
"877834903RR0001",2024-7-31 00:00:00,"27",8,"Dehydrated vegetable soup mix",$1948.00,"Bishoftu","ET"
"877834903RR0001",2024-7-31 00:00:00,"27",9,"Educational, skill development",$1947.00,"Nairobi","KE"
"877834903RR0001",2024-7-31 00:00:00,"27",10,"Medical, educational, orphan s",$1905.00,"Harare","ZW"
"877834903RR0001",2024-7-31 00:00:00,"27",11,"Humanitarian, tools, medical",$1952.00,"Bishoftu","ET"
"877834903RR0001",2024-7-31 00:00:00,"27",12,"Educational, health care, skil",$1987.00,"Kampala","UG"
"877834903RR0001",2024-7-31 00:00:00,"27",13,"Medical, trauma, soup mix, clo",$1989.00,"Lviv","UA"
"877834903RR0001",2024-7-31 00:00:00,"27",14,"dehydrated vegetable soup mix",$1948.00,"Lviv","UA"
"877834903RR0001",2024-7-31 00:00:00,"27",15,"Humanitarium, tools, medical,",$1978.00,"Bishoftu","ET"
"881739924RR0001",2024-12-31 00:00:00,"27",1,"VITAMINS AND SUPPLEMENTS",$159116.00,"MALAWI","QS"
"882588619RR0001",2024-5-31 00:00:00,"27",1,"DISASTER SUPPLIES",$200016.00,"BANGLADESH","BD"
"882588619RR0001",2024-5-31 00:00:00,"27",2,"DISASTER SUPPLIES",$581267.00,"UKRAINE","UA"
"882588619RR0001",2024-5-31 00:00:00,"27",3,"DISASTER SUPPLIES",$75958.00,"TURKEY/SYRIA","TR"
"882588619RR0001",2024-5-31 00:00:00,"27",4,"DISASTER SUPPLIES",$99465.00,"TONGA","QR"
"886425909RR0001",2024-12-31 00:00:00,"27",1,"Tools",$10000.00,"Uganda","UG"
"887140689RR0001",2024-12-31 00:00:00,"27",1,"MEDICAL EQUIPMENT, CLOTHING, F",$82000.00,"UGANDA","UG"
"887140689RR0001",2024-12-31 00:00:00,"27",2,"MEDICAL EQUIPMENT, CLOTHING, F",$15650.00,"DOMINICAN REPUBLIC","DO"
"887140689RR0001",2024-12-31 00:00:00,"27",3,"MEDICAL EQUIPMENT, CLOTHING, F",$20000.00,"HAITI","HT"
"887140689RR0001",2024-12-31 00:00:00,"27",4,"MEDICAL EQUIPMENT, CLOTHING, F",$10890.00,"KRAINE","UA"
"888133394RR0001",2024-12-31 00:00:00,"27",1,"Craft Supplies",$382.00,"Szczecin","PL"
"888133394RR0001",2024-12-31 00:00:00,"27",2,"Cell Phone Accessories",$134.00,"Boryspil","UA"
"888133394RR0001",2024-12-31 00:00:00,"27",3,"Cell Phone Accessories",$135.00,"Kremenets","UA"
"888298031RR0001",2024-12-31 00:00:00,"27",1,"BOOKS",$3215.00,"ACCRA","GH"
"888298031RR0001",2024-12-31 00:00:00,"27",2,"BOOKS",$1280.00,"DOUALA","CM"
"888298031RR0001",2024-12-31 00:00:00,"27",3,"BOOKS",$1573.00,"PANDALAM","IN"
"888298031RR0001",2024-12-31 00:00:00,"27",4,"BOOKS",$1465.00,"MANILA","PH"
"888298031RR0001",2024-12-31 00:00:00,"27",5,"BOOKS",$1445.00,"KIGOMA","TZ"
"888356268RR0001",2024-11-30 00:00:00,"27",1,"gently used clothing and toys",$200.00,"Georgetown","VC"
"888525409RR0001",2024-12-31 00:00:00,"27",1,"Used clothing",$0.00,"Paramos/Chimaltenango","GT"
"888786647RR0001",2024-12-31 00:00:00,"27",1,"Plaque and Pedestal",$2790.00,"Leonforte","IT"
"888813573RR0001",2024-3-31 00:00:00,"27",1,"USED SAWMILL",,"ZAMBEZI","ZM"
"888813573RR0001",2024-3-31 00:00:00,"27",2,"SPECIALIZED WIRING FOR HOSPITA",,"CHITOLOLOKI","ZM"
"888813573RR0001",2024-3-31 00:00:00,"27",3,"2 WATER TANKS",,"IKELANGE N.W PROVINCE","ZM"
"888894268RR0001",2024-12-31 00:00:00,"27",1,"Medical Supplies",$562.00,"Abia State","NG"
"889795175RR0001",2024-7-31 00:00:00,"27",1,"SURGICAL MICROSCOPES, MEDIC",$12534.00,"MONTEGO BAY","JM"
"889795175RR0001",2024-7-31 00:00:00,"27",2,"YAG LASER SYSTEM",$32000.00,"MONTEGO BAY","JM"
"889795175RR0001",2024-7-31 00:00:00,"27",3,"RINGS, HANDBOOKS, ADAPTOR",$104517.00,"LILONGWA","QS"
"889795175RR0001",2024-7-31 00:00:00,"27",4,"EYE CHARTS",$1200.00,"MANILA","PH"
"889904264RR0001",2024-12-31 00:00:00,"27",1,"Children's books",$7801.00,"Accra, Ghana","GH"
"890127673RR0001",2024-8-31 00:00:00,"27",1,"USED COMPUTERS",$15285.00,"SANTA CRUZ, HONDURAS","HN"
"890127673RR0001",2024-8-31 00:00:00,"27",2,"USED SEWING MACHINES",$5490.00,"SANTA CRUZ, HONDURAS","HN"
"890127673RR0001",2024-8-31 00:00:00,"27",3,"USED TRAINING TOOLS",$10486.00,"SANTA CRUZ, HONDURAS","HN"
"890127673RR0001",2024-8-31 00:00:00,"27",4,"USED BICYCLES",$2006.00,"SANTA CRUZ, HONDURAS","HN"
"890240997RR0001",2024-6-30 00:00:00,"27",1,"Soup mix & dried apples",$101376.00,"Asuncion","PY"
"890240997RR0001",2024-6-30 00:00:00,"27",2,"Dried veg., oats, noodles",$196602.00,,"UA"
"890240997RR0001",2024-6-30 00:00:00,"27",3,"dried soup mix",$13824.00,"Cape Town","QS"
"890359045RR0001",2024-12-31 00:00:00,"27",1,"Sporting Equipment (Baseball)",$800.00,"La Vega","DO"
"890416217RR0001",2024-6-30 00:00:00,"27",1,"MISCELLANEOUS DENTAL SUPPLIES",$22500.00,"FLORES","GT"
"890571466RR0001",2024-6-30 00:00:00,"27",1,"FOOD, SUPPLIES, CLOTHES",$31293.00,"KINGSTON","JM"
"890639594RR0001",2024-12-31 00:00:00,"27",1,"Food",$3150.00,"Santiago de Cuba","CU"
"890648249RR0001",2024-12-31 00:00:00,"27",1,"MEDICAL SUPPLIES & TEST EQUIPM",$4665.00,"SIERRA LEONE","SL"
"890965643RR0001",2024-6-30 00:00:00,"27",1,"USED CLOTHING, ETC",$31537.00,"BEORGETOWN, GUYANA","GY"
"890965643RR0001",2024-6-30 00:00:00,"27",2,"MEDICAL SUPPLIES",,"GEORGETOWN, GUYANA","GY"
"890965643RR0001",2024-6-30 00:00:00,"27",3,"TOYS, BOOKS",,"GEORGETOWN, GUYANA","GY"
"891205940RR0001",2024-12-31 00:00:00,"27",1,"CLOTHING, MEDICAL SUPPLIES",$5000.00,"LVIV CITY, UKRAINE","UA"
"891257149RR0001",2024-12-31 00:00:00,"27",1,"Inventory goods for resale",$62744.00,"Normandy","FR"
"892176116RR0001",2024-3-31 00:00:00,"27",1,"Give A Care",$421.00,"United States","US"
"892176116RR0001",2024-3-31 00:00:00,"27",2,"Give A Care",$111.00,"Switzerland","CH"
"892176116RR0001",2024-3-31 00:00:00,"27",3,"Give A Care",$72.00,"Australia","AU"
"892176116RR0001",2024-3-31 00:00:00,"27",4,"Give A Care",$57.00,"New Zealand","NZ"
"892732561RR0001",2024-6-30 00:00:00,"27",1,"MEDICAL SUPPLIES",$22400.00,"UKRAINE VIA POLAND","UA"
"892835307RR0001",2024-12-31 00:00:00,"27",1,"Articles de boutique",$450.00,"Uster","CH"
"892870346RR0001",2024-12-31 00:00:00,"27",1,"dried food/soupmix,legumes",$68751.00,"Kyiv","UA"
"892870346RR0001",2024-12-31 00:00:00,"27",2,"clothing,medical,wheelchairs",$58188.00,"Kyiv","UA"
"892870346RR0001",2024-12-31 00:00:00,"27",3,"bicycles, vitamins",$732.00,"Santiago","CU"
"893354639RR0001",2024-9-30 00:00:00,"27",1,"HUMANITARIAN/MEDICAL AID, LIT",$1616279.00,"KIEV","UA"
"893659920RR0001",2024-8-31 00:00:00,"27",1,"Medical and dental supplies",$18789.00,"Guatemala City","GT"
"894313998RR0001",2024-12-31 00:00:00,"27",1,"Medical",$20000.00,"Various -- UA, MD, RO","UA"
"894313998RR0001",2024-12-31 00:00:00,"27",2,"Relief Aid Supplies",$2450.00,"Various - UA, MD, RO","UA"
"895554947RR0001",2024-9-30 00:00:00,"27",1,"Medical Supplies",$782493.00,,"MX"
"895554947RR0001",2024-9-30 00:00:00,"27",2,"Medical Supplies/Equipment",$412591.00,,"CO"
"895554947RR0001",2024-9-30 00:00:00,"27",3,"Medical Supplies",$302266.00,,"PE"
"895554947RR0001",2024-9-30 00:00:00,"27",4,"Medical Supplies",$249572.00,,"BO"
"895554947RR0001",2024-9-30 00:00:00,"27",5,"Medical Supplies",$187603.00,,"IN"
"895554947RR0001",2024-9-30 00:00:00,"27",6,"Medical Supplies/Equipment",$51469.00,,"GH"
"895554947RR0001",2024-9-30 00:00:00,"27",7,"Medical Supplies",$1564.00,,"PH"
"895554947RR0001",2024-9-30 00:00:00,"27",8,"Medical Supplies",$15889.00,,"CD"
"895554947RR0001",2024-9-30 00:00:00,"27",9,"Medical Supplies",$3400.00,,"HT"
"895554947RR0001",2024-9-30 00:00:00,"27",10,"Medical Supplies",$3196.00,,"ID"
"895910255RR0001",2024-12-31 00:00:00,"27",1,"EQUIPMENT & SUPPLIES",$36342.00,"TECATE","MX"
"896073228RR0001",2024-12-31 00:00:00,"27",1,"Books",$167.00,"Bluefields","NI"
"896073228RR0001",2024-12-31 00:00:00,"27",2,"Electronics",$272.00,"Bluefields","NI"
"896073228RR0001",2024-12-31 00:00:00,"27",3,"Toys/Gifts",$201.00,"Bluefields","NI"
"896073228RR0001",2024-12-31 00:00:00,"27",4,"Stationery",$76.00,"Bluefields","NI"
"896073228RR0001",2024-12-31 00:00:00,"27",5,"Clothing",$789.00,"Roatan","HN"
"896073228RR0001",2024-12-31 00:00:00,"27",6,"Bedding",$1380.00,"Roatan","HN"
"896073228RR0001",2024-12-31 00:00:00,"27",7,"Gauze/Bandages",$500.00,"Roatan","HN"
"896073228RR0001",2024-12-31 00:00:00,"27",8,"Event Flyers",$1021.00,"Roatan","HN"
"896073228RR0001",2024-12-31 00:00:00,"27",9,"Toiletries",$131.00,"Roatan","HN"
"897216560RR0001",2024-12-31 00:00:00,"27",1,"DDL",$37.00,"AUS","QR"
"897216560RR0001",2024-12-31 00:00:00,"27",2,"BOOKS/WORKBOOKS, DVDS",$111.00,"UK","GB"
"897216560RR0001",2024-12-31 00:00:00,"27",3,"BOOKS/WORKBOOKS, DVDS",$1527.00,"USA","US"
"897927935RR0001",2024-12-31 00:00:00,"27",1,"Printed literature",$143234.00,"Charlotte, North Carolina","US"
"898256573RR0001",2024-6-30 00:00:00,"27",1,"BARRELS OF BLESSINGS",$16954.00,"PORT-AU-PRINCE","HT"
"898912944RR0001",2024-12-31 00:00:00,"27",1,"TRANSFERT D'ARGENT",$9489.00,"BAHON","HT"
